{
    "precision": 0.09529496059230953,
    "recall": 0.8435517970401691,
    "f1_score": 0.17124463519313304,
    "auc": 0.9442545658412171
}